,label_name
/home/j/MusicAputitude/music/YUZU/image_data/ゆず『夏色』MUSIC VIDEO_03.png,YUZU
/home/j/MusicAputitude/music/YUZU/image_data/ゆず「イコール」Music Video_04.png,YUZU
/home/j/MusicAputitude/music/YUZU/image_data/ゆず「タッタ」_04.png,YUZU
/home/j/MusicAputitude/music/YUZU/image_data/ゆず「REASON」_05.png,YUZU
/home/j/MusicAputitude/music/YUZU/image_data/ゆず「かける」_04.png,YUZU
/home/j/MusicAputitude/music/YUZU/image_data/ゆず「3カウント」Music Video_03.png,YUZU
/home/j/MusicAputitude/music/YUZU/image_data/ゆず「LOVE & PEACH」Music Video_04.png,YUZU
/home/j/MusicAputitude/music/YUZU/image_data/ゆず「OLA!!」_03.png,YUZU
/home/j/MusicAputitude/music/YUZU/image_data/ゆず『NATSUMONOGATARI』Visualizer_04.png,YUZU
/home/j/MusicAputitude/music/YUZU/image_data/ゆず「うたエール」Music Video_05.png,YUZU
/home/j/MusicAputitude/music/YUZU/image_data/ゆず「友　〜旅立ちの時〜」_05.png,YUZU
/home/j/MusicAputitude/music/YUZU/image_data/ゆず『君を想う』MUSIC VIDEO_04.png,YUZU
/home/j/MusicAputitude/music/YUZU/image_data/ゆず「桜会」Music Video_04.png,YUZU
/home/j/MusicAputitude/music/YUZU/image_data/ゆず「HAMO」Music Video_05.png,YUZU
/home/j/MusicAputitude/music/YUZU/image_data/ゆず「GreenGreen」Music Video_05.png,YUZU
/home/j/MusicAputitude/music/YUZU/image_data/ゆず「栄光の架橋」Music Video_05.png,YUZU
/home/j/MusicAputitude/music/YUZU/image_data/ゆず「恋、弾けました。」Music Video(Movie Ver.)_01.png,YUZU
/home/j/MusicAputitude/music/YUZU/image_data/ゆず「イロトリドリ」_03.png,YUZU
/home/j/MusicAputitude/music/YUZU/image_data/ゆず「表裏一体」_05.png,YUZU
/home/j/MusicAputitude/music/YUZU/image_data/ゆず『ALWAYS』MUSIC VIDEO_04.png,YUZU
/home/j/MusicAputitude/music/YUZU/image_data/ゆず『SUBWAY』MUSIC VIDEO_03.png,YUZU
/home/j/MusicAputitude/music/YUZU/image_data/ゆず『嗚呼、青春の日々』MUSIC VIDEO_04.png,YUZU
/home/j/MusicAputitude/music/YUZU/image_data/ゆず「アゲイン2」Music Video_04.png,YUZU
/home/j/MusicAputitude/music/YUZU/image_data/ゆず「マボロシ」Music Video_04.png,YUZU
/home/j/MusicAputitude/music/YUZU/image_data/ゆず『NATSUMONOGATARI』MUSIC VIDEO_05.png,YUZU
/home/j/MusicAputitude/music/YUZU/image_data/ゆず「ポケット」_04.png,YUZU
/home/j/MusicAputitude/music/YUZU/image_data/ゆず「雨のち晴レルヤ」_07.png,YUZU
/home/j/MusicAputitude/music/YUZU/image_data/ゆず「花咲ク街」Music Video(FULL ver.)_05.png,YUZU
/home/j/MusicAputitude/music/YUZU/image_data/ゆず「守ってあげたい」_08.png,YUZU
/home/j/MusicAputitude/music/YUZU/image_data/ゆず「ストーリー」Music Video_04.png,YUZU
/home/j/MusicAputitude/music/YUZU/image_data/ゆず「TOWA」_04.png,YUZU
/home/j/MusicAputitude/music/YUZU/image_data/ゆず「公園通り」Music Video_04.png,YUZU
/home/j/MusicAputitude/music/YUZU/image_data/ゆず「愛こそ」Music Video_04.png,YUZU
/home/j/MusicAputitude/music/YUZU/image_data/ゆず「桜木町」Music Video_04.png,YUZU
/home/j/MusicAputitude/music/YUZU/image_data/ゆず「そのときには」Music Video_03.png,YUZU
/home/j/MusicAputitude/music/YUZU/image_data/ゆず「恋、弾けました。」Music Video_03.png,YUZU
/home/j/MusicAputitude/music/YUZU/image_data/ゆず『明日の君と』x Netflix 恋愛リアリティショー「未来日記」シーズン２コラボMUSIC VIDEO_03.png,YUZU
/home/j/MusicAputitude/music/YUZU/image_data/ゆず「LAND」_06.png,YUZU
/home/j/MusicAputitude/music/YUZU/image_data/ゆず『RAKUEN』MUSIC VIDEO_03.png,YUZU
/home/j/MusicAputitude/music/YUZU/image_data/ゆず『奇々怪界-KIKIKAIKAI-』MUSIC VIDEO_03.png,YUZU
/home/j/MusicAputitude/music/YUZU/image_data/ゆず「with you」Music Video_05.png,YUZU
/home/j/MusicAputitude/music/YUZU/image_data/ゆず「終わらない歌」_04.png,YUZU
/home/j/MusicAputitude/music/YUZU/image_data/ゆず「歩行者優先」Music Video_04.png,YUZU
/home/j/MusicAputitude/music/YUZU/image_data/ゆず「SEIMEI」Music Video_05.png,YUZU
/home/j/MusicAputitude/music/YUZU/image_data/ゆず「カナリア」_04.png,YUZU
/home/j/MusicAputitude/music/YUZU/image_data/ゆず「ヒカレ」_04.png,YUZU
/home/j/MusicAputitude/music/YUZU/image_data/ゆず「マスカット」Music Video_03.png,YUZU
/home/j/MusicAputitude/music/YUZU/image_data/ゆず「ひだまり」_04.png,YUZU
/home/j/MusicAputitude/music/YUZU/image_data/ゆず「うまく言えない」Music Video_04.png,YUZU
/home/j/MusicAputitude/music/YUZU/image_data/ゆず「公私混同」Official Audio_03.png,YUZU
/home/j/MusicAputitude/music/NAGABUCHI/image_data/三羽ガラス_06.png,NAGABUCHI
/home/j/MusicAputitude/music/NAGABUCHI/image_data/RUN_05.png,NAGABUCHI
/home/j/MusicAputitude/music/NAGABUCHI/image_data/NEVER CHANGE_05.png,NAGABUCHI
/home/j/MusicAputitude/music/NAGABUCHI/image_data/しゃぼん玉_05.png,NAGABUCHI
/home/j/MusicAputitude/music/NAGABUCHI/image_data/いつかの少年_06.png,NAGABUCHI
/home/j/MusicAputitude/music/NAGABUCHI/image_data/ふざけんじゃねぇ_06.png,NAGABUCHI
/home/j/MusicAputitude/music/NAGABUCHI/image_data/SUPER STAR_04.png,NAGABUCHI
/home/j/MusicAputitude/music/NAGABUCHI/image_data/僕のギターにはいつもHEAVY GAUGE_04.png,NAGABUCHI
/home/j/MusicAputitude/music/NAGABUCHI/image_data/人間になりてえ_06.png,NAGABUCHI
/home/j/MusicAputitude/music/NAGABUCHI/image_data/GOOD-BYE青春_03.png,NAGABUCHI
/home/j/MusicAputitude/music/NAGABUCHI/image_data/シェリー_06.png,NAGABUCHI
/home/j/MusicAputitude/music/NAGABUCHI/image_data/巡恋歌_03.png,NAGABUCHI
/home/j/MusicAputitude/music/NAGABUCHI/image_data/勇次_05.png,NAGABUCHI
/home/j/MusicAputitude/music/NAGABUCHI/image_data/Captain of the Ship_13.png,NAGABUCHI
/home/j/MusicAputitude/music/NAGABUCHI/image_data/俺らの家まで_03.png,NAGABUCHI
/home/j/MusicAputitude/music/NAGABUCHI/image_data/素顔_04.png,NAGABUCHI
/home/j/MusicAputitude/music/NAGABUCHI/image_data/くそったれの人生_04.png,NAGABUCHI
/home/j/MusicAputitude/music/NAGABUCHI/image_data/しょっぱい三日月の夜_06.png,NAGABUCHI
/home/j/MusicAputitude/music/NAGABUCHI/image_data/家族_10.png,NAGABUCHI
/home/j/MusicAputitude/music/NAGABUCHI/image_data/昭和_06.png,NAGABUCHI
/home/j/MusicAputitude/music/NAGABUCHI/image_data/GO STRAIGHT_04.png,NAGABUCHI
/home/j/MusicAputitude/music/NAGABUCHI/image_data/激愛_06.png,NAGABUCHI
/home/j/MusicAputitude/music/NAGABUCHI/image_data/Myself_05.png,NAGABUCHI
/home/j/MusicAputitude/music/NAGABUCHI/image_data/TIME GOES AROUND_03.png,NAGABUCHI
/home/j/MusicAputitude/music/NAGABUCHI/image_data/乾杯_05.png,NAGABUCHI
/home/j/MusicAputitude/music/NAGABUCHI/image_data/お家へかえろう_05.png,NAGABUCHI
/home/j/MusicAputitude/music/NAGABUCHI/image_data/ろくなもんじゃねえ_04.png,NAGABUCHI
/home/j/MusicAputitude/music/NAGABUCHI/image_data/一匹の侍_04.png,NAGABUCHI
/home/j/MusicAputitude/music/NAGABUCHI/image_data/孤独なハート_04.png,NAGABUCHI
/home/j/MusicAputitude/music/NAGABUCHI/image_data/STAY DREAM_05.png,NAGABUCHI
/home/j/MusicAputitude/music/NAGABUCHI/image_data/HOLD YOUR LAST CHANCE_04.png,NAGABUCHI
/home/j/MusicAputitude/music/NAGABUCHI/image_data/MOTHER_07.png,NAGABUCHI
/home/j/MusicAputitude/music/NAGABUCHI/image_data/泣いてチンピラ_04.png,NAGABUCHI
/home/j/MusicAputitude/music/NAGABUCHI/image_data/順子_03.png,NAGABUCHI
/home/j/MusicAputitude/music/NAGABUCHI/image_data/とんぼ_06.png,NAGABUCHI
/home/j/MusicAputitude/music/NAGABUCHI/image_data/JEEP_03.png,NAGABUCHI
/home/j/MusicAputitude/music/NAGABUCHI/image_data/JAPAN_06.png,NAGABUCHI
"/home/j/MusicAputitude/music/YONE/image_data/米津玄師 - さよーならまたいつか！「虎に翼」OPタイトルバック・フル　Kenshi Yonezu - Sayonara, Mata Itsuka !_03.png",YONE
"/home/j/MusicAputitude/music/YONE/image_data/米津玄師 - メトロノーム , Kenshi Yonezu - Metronome_04.png",YONE
/home/j/MusicAputitude/music/YONE/image_data/米津玄師  - 地球儀　Kenshi Yonezu - Spinning Globe_05.png,YONE
"/home/j/MusicAputitude/music/YONE/image_data/米津玄師  - フローライト , Kenshi Yonezu - Fluorite_04.png",YONE
"/home/j/MusicAputitude/music/YONE/image_data/米津玄師 - ポッピンアパシー , Kenshi Yonezu - Poppin'Apathy_03.png",YONE
"/home/j/MusicAputitude/music/YONE/image_data/米津玄師  - アンビリーバーズ , Kenshi Yonezu - Unbelivers_04.png",YONE
"/home/j/MusicAputitude/music/YONE/image_data/米津玄師 - LOSER , Kenshi Yonezu_04.png",YONE
/home/j/MusicAputitude/music/YONE/image_data/米津玄師  - M八七 　Kenshi Yonezu - M87_04.png,YONE
"/home/j/MusicAputitude/music/YONE/image_data/米津玄師  - 灰色と青（ ＋菅田将暉 ）,  Kenshi Yonezu - Haiirotoao（+Masaki Suda)_05.png",YONE
/home/j/MusicAputitude/music/YONE/image_data/米津玄師 Kenshi Yonezu - KICKBACK_03.png,YONE
/home/j/MusicAputitude/music/YONE/image_data/『僕のヒーローアカデミア』×米津玄師「ピースサイン」スペシャルミュージックビデオ_04.png,YONE
/home/j/MusicAputitude/music/YONE/image_data/米津玄師 - TEENAGE RIOT  Kenshi Yonezu_04.png,YONE
/home/j/MusicAputitude/music/YONE/image_data/米津玄師　MV「サンタマリア」_05.png,YONE
/home/j/MusicAputitude/music/YONE/image_data/米津玄師  - Flamingo  Kenshi Yonezu_03.png,YONE
/home/j/MusicAputitude/music/YONE/image_data/米津玄師 - 春雷   Kenshi Yonezu - Shunrai_04.png,YONE
/home/j/MusicAputitude/music/YONE/image_data/米津玄師 - カナリヤ  Kenshi Yonezu - Canary_05.png,YONE
"/home/j/MusicAputitude/music/YONE/image_data/米津玄師 - さよーならまたいつか！ Kenshi Yonezu - Sayonara, Mata Itsuka !_03.png",YONE
/home/j/MusicAputitude/music/YONE/image_data/米津玄師  - POP SONG  Kenshi Yonezu_03.png,YONE
/home/j/MusicAputitude/music/YONE/image_data/米津玄師　MV『vivi』_04.png,YONE
/home/j/MusicAputitude/music/YONE/image_data/米津玄師 - 毎日　Kenshi Yonezu - Mainichi ( Every Day )_03.png,YONE
"/home/j/MusicAputitude/music/YONE/image_data/米津玄師  - リビングデッド・ユース , Kenshi Yonezu - Living Dead Youth_04.png",YONE
/home/j/MusicAputitude/music/YONE/image_data/米津玄師 - 月を見ていた Kenshi Yonezu - Tsuki Wo Miteita  Moongazing_04.png,YONE
/home/j/MusicAputitude/music/YONE/image_data/米津玄師　MV「MAD HEAD LOVE」_03.png,YONE
/home/j/MusicAputitude/music/YONE/image_data/米津玄師 - パプリカ  Kenshi Yonezu - PAPRIKA_03.png,YONE
"/home/j/MusicAputitude/music/YONE/image_data/米津玄師  - orion , Kenshi Yonezu_04.png",YONE
/home/j/MusicAputitude/music/YONE/image_data/米津玄師 - 海の幽霊  Kenshi Yonezu - Spirits of the Sea_04.png,YONE
/home/j/MusicAputitude/music/YONE/image_data/米津玄師  Kenshi Yonezu  - Lemon_04.png,YONE
/home/j/MusicAputitude/music/YONE/image_data/米津玄師 - カムパネルラ  Kenshi Yonezu - Campanella_04.png,YONE
"/home/j/MusicAputitude/music/YONE/image_data/米津玄師 - ピースサイン , Kenshi Yonezu - Peace Sign_04.png",YONE
/home/j/MusicAputitude/music/YONE/image_data/米津玄師 - がらくた　Kenshi Yonezu - Garakuta JUNK_04.png,YONE
"/home/j/MusicAputitude/music/YONE/image_data/米津玄師  - Flowerwall , Kenshi Yonezu_05.png",YONE
/home/j/MusicAputitude/music/YONE/image_data/米津玄師  Kenshi Yonezu - RED OUT_03.png,YONE
/home/j/MusicAputitude/music/YONE/image_data/米津玄師  - Pale Blue  Kenshi Yonezu_05.png,YONE
"/home/j/MusicAputitude/music/YONE/image_data/米津玄師「地球儀」× 宮﨑駿「君たちはどう生きるか」Kenshi Yonezu - Spinning Globe (Hayao Miyazaki, The Boy and The Heron)_05.png",YONE
"/home/j/MusicAputitude/music/YONE/image_data/米津玄師 - WOODEN DOLL , Kenshi Yonezu_04.png",YONE
/home/j/MusicAputitude/music/YONE/image_data/米津玄師 - 感電   Kenshi Yonezu - KANDEN_04.png,YONE
/home/j/MusicAputitude/music/YONE/image_data/米津玄師  Kenshi Yonezu - LADY_04.png,YONE
"/home/j/MusicAputitude/music/YONE/image_data/米津玄師  - アイネクライネ , Kenshi Yonezu - Eine Kleine_04.png",YONE
/home/j/MusicAputitude/music/YONE/image_data/米津玄師 - 死神　 Kenshi Yonezu - Shinigami_01.png,YONE
/home/j/MusicAputitude/music/YONE/image_data/米津玄師　MV『恋と病熱』_04.png,YONE
/home/j/MusicAputitude/music/YONE/image_data/米津玄師　MV『ゴーゴー幽霊船』_03.png,YONE
/home/j/MusicAputitude/music/YONE/image_data/米津玄師  - 馬と鹿   Kenshi Yonezu - Uma to Shika_04.png,YONE
/home/j/MusicAputitude/music/SPITZ/image_data/スピッツ  冷たい頬_04.png,SPITZ
/home/j/MusicAputitude/music/SPITZ/image_data/スピッツ  ハネモノ_04.png,SPITZ
/home/j/MusicAputitude/music/SPITZ/image_data/スピッツ  群青_04.png,SPITZ
/home/j/MusicAputitude/music/SPITZ/image_data/スピッツ  チェリー_04.png,SPITZ
/home/j/MusicAputitude/music/SPITZ/image_data/スピッツ  愛のしるし_03.png,SPITZ
/home/j/MusicAputitude/music/SPITZ/image_data/スピッツ  ルキンフォー_04.png,SPITZ
/home/j/MusicAputitude/music/SPITZ/image_data/スピッツ  メモリーズ_03.png,SPITZ
/home/j/MusicAputitude/music/SPITZ/image_data/スピッツ  つぐみ_04.png,SPITZ
/home/j/MusicAputitude/music/SPITZ/image_data/スピッツ  魔法のコトバ_04.png,SPITZ
/home/j/MusicAputitude/music/SPITZ/image_data/スピッツ  夢じゃない_04.png,SPITZ
/home/j/MusicAputitude/music/SPITZ/image_data/スピッツ  小さな生き物_03.png,SPITZ
/home/j/MusicAputitude/music/SPITZ/image_data/スピッツ  運命の人_05.png,SPITZ
/home/j/MusicAputitude/music/SPITZ/image_data/スピッツ  スカーレット_03.png,SPITZ
/home/j/MusicAputitude/music/SPITZ/image_data/スピッツ  春の歌_04.png,SPITZ
/home/j/MusicAputitude/music/SPITZ/image_data/スピッツ  スピカ_04.png,SPITZ
/home/j/MusicAputitude/music/SPITZ/image_data/スピッツ  スパイダー_03.png,SPITZ
/home/j/MusicAputitude/music/SPITZ/image_data/スピッツ  空も飛べるはず_04.png,SPITZ
/home/j/MusicAputitude/music/SPITZ/image_data/スピッツ  スターゲイザー_04.png,SPITZ
/home/j/MusicAputitude/music/SPITZ/image_data/スピッツ  ロビンソン_04.png,SPITZ
/home/j/MusicAputitude/music/SPITZ/image_data/スピッツ  さらさら_04.png,SPITZ
/home/j/MusicAputitude/music/SPITZ/image_data/スピッツ  放浪カモメはどこまでも_03.png,SPITZ
/home/j/MusicAputitude/music/SPITZ/image_data/スピッツ  渚_04.png,SPITZ
/home/j/MusicAputitude/music/SPITZ/image_data/スピッツ  正夢_05.png,SPITZ
/home/j/MusicAputitude/music/SPITZ/image_data/スピッツ  流れ星_05.png,SPITZ
/home/j/MusicAputitude/music/SPITZ/image_data/スピッツ  ヒバリのこころ_04.png,SPITZ
/home/j/MusicAputitude/music/SPITZ/image_data/スピッツ  若葉_04.png,SPITZ
/home/j/MusicAputitude/music/SPITZ/image_data/スピッツ  テクテク_04.png,SPITZ
/home/j/MusicAputitude/music/SPITZ/image_data/スピッツ  青い車_05.png,SPITZ
/home/j/MusicAputitude/music/SPITZ/image_data/スピッツ  ハチミツ_03.png,SPITZ
/home/j/MusicAputitude/music/SPITZ/image_data/スピッツ  楓_05.png,SPITZ
/home/j/MusicAputitude/music/SPITZ/image_data/スピッツ  シロクマ_03.png,SPITZ
/home/j/MusicAputitude/music/SPITZ/image_data/スピッツ  インディゴ地平線_04.png,SPITZ
/home/j/MusicAputitude/music/SPITZ/image_data/スピッツ  ホタル_03.png,SPITZ
/home/j/MusicAputitude/music/SPITZ/image_data/スピッツ  裸のままで_04.png,SPITZ
/home/j/MusicAputitude/music/SPITZ/image_data/スピッツ  遥か_04.png,SPITZ
/home/j/MusicAputitude/music/SPITZ/image_data/スピッツ  水色の街_03.png,SPITZ
/home/j/MusicAputitude/music/SPITZ/image_data/スピッツ  君は太陽_05.png,SPITZ
/home/j/MusicAputitude/music/SPITZ/image_data/スピッツ  君が思い出になる前に_05.png,SPITZ
/home/j/MusicAputitude/music/SPITZ/image_data/スピッツ  さわって・変わって_03.png,SPITZ
/home/j/MusicAputitude/music/SPITZ/image_data/スピッツ  愛のことば_04.png,SPITZ
/home/j/MusicAputitude/music/SPITZ/image_data/スピッツ  涙がキラリ☆_04.png,SPITZ
/home/j/MusicAputitude/music/SPITZ/image_data/スピッツ  夢追い虫_04.png,SPITZ
/home/j/MusicAputitude/music/SOUTHEN/image_data/サザンオールスターズ - アロエ [Official Music Video]_05.png,SOUTHEN
/home/j/MusicAputitude/music/SOUTHEN/image_data/サザンオールスターズ - ピースとハイライト [Official Music Video]_04.png,SOUTHEN
/home/j/MusicAputitude/music/SOUTHEN/image_data/サザンオールスターズ - Relay〜杜の詩 [Official Music Video]_04.png,SOUTHEN
/home/j/MusicAputitude/music/SOUTHEN/image_data/サザンオールスターズ - 神の島遥か国 [Official Music Video]_04.png,SOUTHEN
/home/j/MusicAputitude/music/SOUTHEN/image_data/サザンオールスターズ - 歌えニッポンの空 [Official Music Video]_04.png,SOUTHEN
/home/j/MusicAputitude/music/SOUTHEN/image_data/サザンオールスターズ - 蛍 [Official Music Video]_03.png,SOUTHEN
/home/j/MusicAputitude/music/SOUTHEN/image_data/サザンオールスターズ - 盆ギリ恋歌 [Official Music Video]_04.png,SOUTHEN
/home/j/MusicAputitude/music/SOUTHEN/image_data/サザンオールスターズ - 恋人は南風 [Official Music Video]_04.png,SOUTHEN
/home/j/MusicAputitude/music/SOUTHEN/image_data/サザンオールスターズ - 愛はスローにちょっとずつ [Official Music Video]_04.png,SOUTHEN
/home/j/MusicAputitude/music/SOUTHEN/image_data/サザンオールスターズ - 愛と欲望の日々 [Official Music Video]_04.png,SOUTHEN
/home/j/MusicAputitude/music/SOUTHEN/image_data/サザンオールスターズ - DIRTY OLD MAN～さらば夏よ～ [Official Music Video]_05.png,SOUTHEN
/home/j/MusicAputitude/music/SOUTHEN/image_data/サザンオールスターズ - 天国オン・ザ・ビーチ [Official Music Video]_04.png,SOUTHEN
/home/j/MusicAputitude/music/SOUTHEN/image_data/サザンオールスターズ - 壮年JUMP [Official Music Video]_04.png,SOUTHEN
/home/j/MusicAputitude/music/SOUTHEN/image_data/サザンオールスターズ -  I AM YOUR SINGER [Official Music Video]_04.png,SOUTHEN
/home/j/MusicAputitude/music/SOUTHEN/image_data/サザンオールスターズ - 君こそスターだ [Official Music Video]_05.png,SOUTHEN
/home/j/MusicAputitude/music/SOUTHEN/image_data/サザンオールスターズ - BOHBO No.5 [Official Music Video]_05.png,SOUTHEN
/home/j/MusicAputitude/music/SOUTHEN/image_data/サザンオールスターズ - 東京VICTORY [Official Music Video]_05.png,SOUTHEN
/home/j/MusicAputitude/music/SOUTHEN/image_data/サザンオールスターズ - 栄光の男 [Official Music Video]_04.png,SOUTHEN
/home/j/MusicAputitude/music/SOUTHEN/image_data/サザンオールスターズ - 涙の海で抱かれたい〜SEA OF LOVE〜 [Official Music Video]_04.png,SOUTHEN
/home/j/MusicAputitude/music/SOUTHEN/image_data/サザンオールスターズ - ジャンヌ・ダルクによろしく [Official Music Video]_03.png,SOUTHEN
/home/j/MusicAputitude/music/SOUTHEN/image_data/サザンオールスターズ - 恋のブギウギナイト [Official Music Video]_05.png,SOUTHEN
/home/j/MusicAputitude/music/SOUTHEN/image_data/サザンオールスターズ - ロックンロール・スーパーマン～Rock’n Roll Superman～ [Official Music Video]_05.png,SOUTHEN
/home/j/MusicAputitude/music/SOUTHEN/image_data/サザンオールスターズ - 夢に消えたジュリア [Official Music Video]_04.png,SOUTHEN
/home/j/MusicAputitude/music/SOUTHEN/image_data/サザンオールスターズ - 彩〜Aja〜 [Official Music Video]_05.png,SOUTHEN
/home/j/MusicAputitude/music/SOUTHEN/image_data/サザンオールスターズ - 闘う戦士(もの)たちへ愛を込めて [Official Music Video]_05.png,SOUTHEN
/home/j/MusicAputitude/music/ARASHI/image_data/ARASHI - Endless Game [Official Music Video]_03.png,ARASHI
/home/j/MusicAputitude/music/ARASHI/image_data/ARASHI - Find The Answer [Official Music Video]_04.png,ARASHI
/home/j/MusicAputitude/music/ARASHI/image_data/ARASHI - Turning Up (R3HAB Remix) [Official Music Video]_02.png,ARASHI
/home/j/MusicAputitude/music/ARASHI/image_data/ARASHI - We can make it ! [Official Music Video]_04.png,ARASHI
/home/j/MusicAputitude/music/ARASHI/image_data/ARASHI - PIKA☆☆NCHI DOUBLE [Official Music Video]_05.png,ARASHI
/home/j/MusicAputitude/music/ARASHI/image_data/ARASHI - Believe [Official Music Video]_04.png,ARASHI
/home/j/MusicAputitude/music/ARASHI/image_data/ARASHI - Happiness [Official Music Video]_04.png,ARASHI
/home/j/MusicAputitude/music/ARASHI/image_data/ARASHI - I'll be there [Official Music Video]_04.png,ARASHI
/home/j/MusicAputitude/music/ARASHI/image_data/ARASHI - Sakura [Official Music Video]_04.png,ARASHI
/home/j/MusicAputitude/music/ARASHI/image_data/ARASHI - カイト [Official Music Video]_04.png,ARASHI
/home/j/MusicAputitude/music/ARASHI/image_data/ARASHI - truth [Official Music Video]_04.png,ARASHI
/home/j/MusicAputitude/music/ARASHI/image_data/ARASHI - BRAVE [Official Music Video]_04.png,ARASHI
/home/j/MusicAputitude/music/ARASHI/image_data/ARASHI - Whenever You Call [Official Music Video]_03.png,ARASHI
/home/j/MusicAputitude/music/ARASHI/image_data/ARASHI - つなぐ [Official Music Video]_04.png,ARASHI
/home/j/MusicAputitude/music/ARASHI/image_data/ARASHI - I seek [Official Music Video]_04.png,ARASHI
/home/j/MusicAputitude/music/ARASHI/image_data/ARASHI - a Day in Our Life [Official Music Video]_04.png,ARASHI
/home/j/MusicAputitude/music/ARASHI/image_data/ARASHI - Breathless [Official Music Video]_04.png,ARASHI
/home/j/MusicAputitude/music/ARASHI/image_data/ARASHI - GUTS ! [Official Music Video]_04.png,ARASHI
/home/j/MusicAputitude/music/ARASHI/image_data/ARASHI - Step and Go [Official Music Video]_04.png,ARASHI
/home/j/MusicAputitude/music/ARASHI/image_data/ARASHI - 青空の下、キミのとなり [Official Music Video]_03.png,ARASHI
/home/j/MusicAputitude/music/ARASHI/image_data/ARASHI - 君のために僕がいる [Official Music Video]_03.png,ARASHI
/home/j/MusicAputitude/music/ARASHI/image_data/ARASHI - 台風ジェネレーション ‐Typhoon Generation‐ [Official Music Video]_04.png,ARASHI
/home/j/MusicAputitude/music/ARASHI/image_data/ARASHI - きっと大丈夫 [Official Music Video]_04.png,ARASHI
/home/j/MusicAputitude/music/ARASHI/image_data/ARASHI - ナイスな心意気 [Official Music Video]_03.png,ARASHI
/home/j/MusicAputitude/music/ARASHI/image_data/ARASHI - 感謝カンゲキ雨嵐 [Official Music Video]_04.png,ARASHI
/home/j/MusicAputitude/music/ARASHI/image_data/ARASHI - 瞳の中のGalaxy [Official Music Video]_05.png,ARASHI
/home/j/MusicAputitude/music/ARASHI/image_data/ARASHI - ハダシの未来 [Official Music Video]_04.png,ARASHI
/home/j/MusicAputitude/music/ARASHI/image_data/ARASHI - 愛を叫べ [Official Music Video]_04.png,ARASHI
/home/j/MusicAputitude/music/ARASHI/image_data/ARASHI - PIKA☆NCHI [Official Music Video]_03.png,ARASHI
/home/j/MusicAputitude/music/ARASHI/image_data/ARASHI - Calling [Official Music Video]_03.png,ARASHI
/home/j/MusicAputitude/music/ARASHI/image_data/ARASHI - Love so sweet [Official Music Video]_04.png,ARASHI
/home/j/MusicAputitude/music/ARASHI/image_data/ARASHI - Power of the Paradise [Official Music Video]_04.png,ARASHI
/home/j/MusicAputitude/music/ARASHI/image_data/ARASHI - ｢未完｣ [Official Music Video]_03.png,ARASHI
/home/j/MusicAputitude/music/ARASHI/image_data/ARASHI - Troublemaker [Official Music Video]_04.png,ARASHI
/home/j/MusicAputitude/music/ARASHI/image_data/ARASHI - 時代 [Official Music Video]_04.png,ARASHI
/home/j/MusicAputitude/music/ARASHI/image_data/ARASHI - 心の空 [Official Music Video]_04.png,ARASHI
/home/j/MusicAputitude/music/ARASHI/image_data/ARASHI - NOW or NEVER [Official Music Video]_04.png,ARASHI
/home/j/MusicAputitude/music/ARASHI/image_data/ARASHI - Lotus [Official Music Video]_04.png,ARASHI
/home/j/MusicAputitude/music/ARASHI/image_data/ARASHI - 夏疾風 [Official Music Video]_04.png,ARASHI
/home/j/MusicAputitude/music/ARASHI/image_data/ARASHI - まだ見ぬ世界へ [Official Music Video]_04.png,ARASHI
/home/j/MusicAputitude/music/ARASHI/image_data/ARASHI - Dear Snow [Official Music Video]_04.png,ARASHI
/home/j/MusicAputitude/music/ARASHI/image_data/ARASHI - 夏疾風 (高校生コラボver.) [Official Music Video]_04.png,ARASHI
/home/j/MusicAputitude/music/ARASHI/image_data/ARASHI - とまどいながら [Official Music Video]_04.png,ARASHI
/home/j/MusicAputitude/music/ARASHI/image_data/ARASHI - Doors ～勇気の軌跡～ [Official Music Video]_04.png,ARASHI
/home/j/MusicAputitude/music/ARASHI/image_data/ARASHI - アオゾラペダル [Official Music Video]_06.png,ARASHI
/home/j/MusicAputitude/music/ARASHI/image_data/ARASHI - Lucky Man [Official Music Video]_05.png,ARASHI
/home/j/MusicAputitude/music/ARASHI/image_data/ARASHI - Do you... ? [Official Music Video]_03.png,ARASHI
/home/j/MusicAputitude/music/ARASHI/image_data/矢野健太 starring Satoshi Ohno - 曇りのち、快晴 [Official Music Video]_04.png,ARASHI
/home/j/MusicAputitude/music/ARASHI/image_data/ARASHI - 誰も知らない [Official Music Video]_04.png,ARASHI
/home/j/MusicAputitude/music/ARASHI/image_data/ARASHI - Don't You Get It [Official Music Video]_04.png,ARASHI
/home/j/MusicAputitude/music/ARASHI/image_data/ARASHI - A-RA-SHI : Reborn [Official Music Video]_03.png,ARASHI
/home/j/MusicAputitude/music/ARASHI/image_data/ARASHI - Løve Rainbow [Official Music Video]_04.png,ARASHI
/home/j/MusicAputitude/music/ARASHI/image_data/ARASHI - 風の向こうへ [Official Music Video]_03.png,ARASHI
/home/j/MusicAputitude/music/ARASHI/image_data/ARASHI - Zero-G [Official Music Video]_03.png,ARASHI
/home/j/MusicAputitude/music/ARASHI/image_data/ARASHI - 君のうた [Official Music Video]_04.png,ARASHI
/home/j/MusicAputitude/music/ARASHI/image_data/ARASHI - 明日の記憶 [Official Music Video]_04.png,ARASHI
/home/j/MusicAputitude/music/ARASHI/image_data/ARASHI - サクラ咲ケ [Official Music Video]_04.png,ARASHI
/home/j/MusicAputitude/music/ARASHI/image_data/ARASHI - ワイルド アット ハート [Official Music Video]_04.png,ARASHI
/home/j/MusicAputitude/music/ARASHI/image_data/ARASHI - 5×20 [Official Music Video]_07.png,ARASHI
/home/j/MusicAputitude/music/ARASHI/image_data/ARASHI - Hero [Official Music Video]_04.png,ARASHI
/home/j/MusicAputitude/music/ARASHI/image_data/ARASHI - Crazy Moon～キミ･ハ･ムテキ～ [Official Music Video]_04.png,ARASHI
/home/j/MusicAputitude/music/ARASHI/image_data/ARASHI - P･A･R･A･D･O･X [Official Music Video]_03.png,ARASHI
/home/j/MusicAputitude/music/ARASHI/image_data/ARASHI - IN THE SUMMER [Official Music Video]_04.png,ARASHI
/home/j/MusicAputitude/music/ARASHI/image_data/ARASHI - Whenever You Call [Dance version]_02.png,ARASHI
/home/j/MusicAputitude/music/ARASHI/image_data/ARASHI - Beautiful days [Official Music Video]_05.png,ARASHI
/home/j/MusicAputitude/music/ARASHI/image_data/ARASHI - 言葉より大切なもの [Official Music Video]_04.png,ARASHI
/home/j/MusicAputitude/music/ARASHI/image_data/ARASHI - To be free [Official Music Video]_03.png,ARASHI
/home/j/MusicAputitude/music/ARASHI/image_data/ARASHI - Everything [Official Music Video]_04.png,ARASHI
/home/j/MusicAputitude/music/ARASHI/image_data/ARASHI - 迷宮ラブソング [Official Music Video]_04.png,ARASHI
/home/j/MusicAputitude/music/ARASHI/image_data/ARASHI - Daylight [Official Music Video]_04.png,ARASHI
/home/j/MusicAputitude/music/ARASHI/image_data/ARASHI - Face Down [Official Music Video]_03.png,ARASHI
/home/j/MusicAputitude/music/ARASHI/image_data/ARASHI - WISH [Official Music Video]_04.png,ARASHI
/home/j/MusicAputitude/music/ARASHI/image_data/ARASHI - マイガール [Official Music Video]_05.png,ARASHI
/home/j/MusicAputitude/music/ARASHI/image_data/ARASHI - 復活LOVE [Official Music Video]_04.png,ARASHI
/home/j/MusicAputitude/music/ARASHI/image_data/ARASHI - Party Starters [Official Music Video]_03.png,ARASHI
/home/j/MusicAputitude/music/ARASHI/image_data/ARASHI - Turning Up [Official Music Video]_03.png,ARASHI
/home/j/MusicAputitude/music/ARASHI/image_data/ARASHI - Monster [Official Music Video]_04.png,ARASHI
/home/j/MusicAputitude/music/ARASHI/image_data/ARASHI - A･RA･SHI [Official Music Video]_04.png,ARASHI
/home/j/MusicAputitude/music/ARASHI/image_data/ARASHI - Bittersweet [Official Music Video]_04.png,ARASHI
/home/j/MusicAputitude/music/ARASHI/image_data/ARASHI - One Love [Official Music Video]_04.png,ARASHI
/home/j/MusicAputitude/music/ARASHI/image_data/ARASHI - 果てない空 [Official Music Video]_04.png,ARASHI
/home/j/MusicAputitude/music/ARASHI/image_data/ARASHI - Your Eyes [Official Music Video]_04.png,ARASHI
/home/j/MusicAputitude/music/ARASHI/image_data/ARASHI - SUNRISE日本 [Official Music Video]_04.png,ARASHI
/home/j/MusicAputitude/music/TANIMURA/image_data/オールド・タイム_05.png,TANIMURA
/home/j/MusicAputitude/music/TANIMURA/image_data/秋のソナタ_05.png,TANIMURA
/home/j/MusicAputitude/music/TANIMURA/image_data/WINGS_04.png,TANIMURA
/home/j/MusicAputitude/music/TANIMURA/image_data/遠くで汽笛を聞きながら_04.png,TANIMURA
/home/j/MusicAputitude/music/TANIMURA/image_data/カノン_04.png,TANIMURA
/home/j/MusicAputitude/music/TANIMURA/image_data/再来_05.png,TANIMURA
/home/j/MusicAputitude/music/TANIMURA/image_data/Subaru (Live At National Theatre of Japan 2022)_05.png,TANIMURA
/home/j/MusicAputitude/music/TANIMURA/image_data/冬のメリーゴーランド_06.png,TANIMURA
/home/j/MusicAputitude/music/TANIMURA/image_data/いい日旅立ち_04.png,TANIMURA
/home/j/MusicAputitude/music/TANIMURA/image_data/陽はまた昇る_04.png,TANIMURA
/home/j/MusicAputitude/music/TANIMURA/image_data/英雄_05.png,TANIMURA
/home/j/MusicAputitude/music/TANIMURA/image_data/Subaru (2018 Version)_04.png,TANIMURA
/home/j/MusicAputitude/music/TANIMURA/image_data/アゲインスト_05.png,TANIMURA
/home/j/MusicAputitude/music/TANIMURA/image_data/I・T・A・N_06.png,TANIMURA
/home/j/MusicAputitude/music/TANIMURA/image_data/GOING HOME～Studio ver.～_05.png,TANIMURA
/home/j/MusicAputitude/music/TANIMURA/image_data/生成 KINARI_05.png,TANIMURA
/home/j/MusicAputitude/music/TANIMURA/image_data/Kanshou Kikou (Live At National Theatre of Japan 2022)_04.png,TANIMURA
/home/j/MusicAputitude/music/TANIMURA/image_data/Sunano Juujika (Live At National Theatre of Japan 2022)_05.png,TANIMURA
/home/j/MusicAputitude/music/TANIMURA/image_data/真夜中のミュージアム_05.png,TANIMURA
/home/j/MusicAputitude/music/TANIMURA/image_data/マーキュリー_04.png,TANIMURA
/home/j/MusicAputitude/music/TANIMURA/image_data/Sarai (Live At National Theatre of Japan 2022)_05.png,TANIMURA
/home/j/MusicAputitude/music/TANIMURA/image_data/去年の雪_03.png,TANIMURA
/home/j/MusicAputitude/music/TANIMURA/image_data/Grace_03.png,TANIMURA
/home/j/MusicAputitude/music/TANIMURA/image_data/Iihi Tabidachi (Live At National Theatre of Japan 2022)_04.png,TANIMURA
/home/j/MusicAputitude/music/TANIMURA/image_data/アゲイン_04.png,TANIMURA
/home/j/MusicAputitude/music/TANIMURA/image_data/Maria～ブラームス交響曲第3番第3楽章より～_05.png,TANIMURA
/home/j/MusicAputitude/music/TANIMURA/image_data/マカリイ_04.png,TANIMURA
/home/j/MusicAputitude/music/TANIMURA/image_data/Sakura Saku (Live At National Theatre of Japan 2022)_04.png,TANIMURA
/home/j/MusicAputitude/music/TANIMURA/image_data/Ai (Live At National Theatre of Japan 2022)_04.png,TANIMURA
/home/j/MusicAputitude/music/TANIMURA/image_data/三都物語_04.png,TANIMURA
/home/j/MusicAputitude/music/TANIMURA/image_data/悲しみの器_05.png,TANIMURA
/home/j/MusicAputitude/music/TANIMURA/image_data/Gunjo (Live At National Theatre of Japan 2022)_08.png,TANIMURA
/home/j/MusicAputitude/music/TANIMURA/image_data/クラシック -CLASSIC-_04.png,TANIMURA
/home/j/MusicAputitude/music/TANIMURA/image_data/Four Seasons_04.png,TANIMURA
/home/j/MusicAputitude/music/TANIMURA/image_data/Kazeno Melody (Live At National Theatre of Japan 2022)_04.png,TANIMURA
/home/j/MusicAputitude/music/TANIMURA/image_data/小さな肩に雨が降る_04.png,TANIMURA
/home/j/MusicAputitude/music/TANIMURA/image_data/Furimukanaide (Live At National Theatre of Japan 2022)_02.png,TANIMURA
/home/j/MusicAputitude/music/TANIMURA/image_data/心の駅_04.png,TANIMURA
/home/j/MusicAputitude/music/TANIMURA/image_data/幸福 -しあわせ-_05.png,TANIMURA
/home/j/MusicAputitude/music/TANIMURA/image_data/ひまわり_03.png,TANIMURA
/home/j/MusicAputitude/music/TANIMURA/image_data/DECEMBER SONG_05.png,TANIMURA
/home/j/MusicAputitude/music/TANIMURA/image_data/Harvest (Live At National Theatre of Japan 2022)_03.png,TANIMURA
/home/j/MusicAputitude/music/TANIMURA/image_data/星標 (ほししるべ)_04.png,TANIMURA
/home/j/MusicAputitude/music/TANIMURA/image_data/CRAZY_04.png,TANIMURA
/home/j/MusicAputitude/music/TANIMURA/image_data/櫻守_04.png,TANIMURA
/home/j/MusicAputitude/music/TANIMURA/image_data/友達に変わる時_05.png,TANIMURA
/home/j/MusicAputitude/music/TANIMURA/image_data/PAST LOVE_05.png,TANIMURA
/home/j/MusicAputitude/music/TANIMURA/image_data/THE NAME_06.png,TANIMURA
/home/j/MusicAputitude/music/TANIMURA/image_data/忘れないで_04.png,TANIMURA
/home/j/MusicAputitude/music/TANIMURA/image_data/階 -きざはし-_05.png,TANIMURA
/home/j/MusicAputitude/music/TANIMURA/image_data/メトロ_04.png,TANIMURA
/home/j/MusicAputitude/music/TANIMURA/image_data/美しい瞬間_05.png,TANIMURA
/home/j/MusicAputitude/music/TANIMURA/image_data/Romantetsudo -Satetsuhen- (2020 Version)_04.png,TANIMURA
/home/j/MusicAputitude/music/TANIMURA/image_data/ホタル_03.png,TANIMURA
/home/j/MusicAputitude/music/TANIMURA/image_data/Atsui Toiki (2020 Version)_03.png,TANIMURA
/home/j/MusicAputitude/music/TANIMURA/image_data/アーバン・カーボーイ_04.png,TANIMURA
/home/j/MusicAputitude/music/TANIMURA/image_data/Kanashimino Utsuwa (2020 Version)_05.png,TANIMURA
/home/j/MusicAputitude/music/TANIMURA/image_data/青年の樹_04.png,TANIMURA
/home/j/MusicAputitude/music/TANIMURA/image_data/魁 -さきがけ-_04.png,TANIMURA
/home/j/MusicAputitude/music/TANIMURA/image_data/朱音_04.png,TANIMURA
/home/j/MusicAputitude/music/TANIMURA/image_data/夢になりたい_04.png,TANIMURA
/home/j/MusicAputitude/music/TANIMURA/image_data/ラバン_04.png,TANIMURA
/home/j/MusicAputitude/music/TANIMURA/image_data/Romantetsudo -Satetsuhen- (Live At National Theatre of Japan 2022)_04.png,TANIMURA
/home/j/MusicAputitude/music/TANIMURA/image_data/Dandism (2020 Version)_05.png,TANIMURA
/home/j/MusicAputitude/music/TANIMURA/image_data/12番街のキャロル_04.png,TANIMURA
/home/j/MusicAputitude/music/TANIMURA/image_data/刹那愛_05.png,TANIMURA
/home/j/MusicAputitude/music/TANIMURA/image_data/ディスタンス - 悲しみの距離-_05.png,TANIMURA
/home/j/MusicAputitude/music/TANIMURA/image_data/遠い花火_04.png,TANIMURA
/home/j/MusicAputitude/music/TANIMURA/image_data/ラ・ストラーダ_05.png,TANIMURA
/home/j/MusicAputitude/music/TANIMURA/image_data/ダンディズム_05.png,TANIMURA
/home/j/MusicAputitude/music/TANIMURA/image_data/29th BIRTHDAY_05.png,TANIMURA
/home/j/MusicAputitude/music/TANIMURA/image_data/神のマリオネット_08.png,TANIMURA
/home/j/MusicAputitude/music/TANIMURA/image_data/Kimi No Hitomi Wa 10000 Volts (Live At National Theatre of Japan 2022)_02.png,TANIMURA
/home/j/MusicAputitude/music/TANIMURA/image_data/Omokage (2020 Version)_03.png,TANIMURA
/home/j/MusicAputitude/music/TANIMURA/image_data/涙はyes_04.png,TANIMURA
/home/j/MusicAputitude/music/TANIMURA/image_data/ココロツタエ_04.png,TANIMURA
/home/j/MusicAputitude/music/TANIMURA/image_data/風のメロディー_04.png,TANIMURA
/home/j/MusicAputitude/music/TANIMURA/image_data/Iihi Tabidachi - Iihi Tabidachi Nishie -Kumikyoku-_08.png,TANIMURA
/home/j/MusicAputitude/music/TANIMURA/image_data/Hyacinthus (Live At National Theatre of Japan 2022)_04.png,TANIMURA
/home/j/MusicAputitude/music/TANIMURA/image_data/この空の下_04.png,TANIMURA
/home/j/MusicAputitude/music/TANIMURA/image_data/ペルソナ_04.png,TANIMURA
/home/j/MusicAputitude/music/TANIMURA/image_data/群青 (マカリイver.)_07.png,TANIMURA
/home/j/MusicAputitude/music/TANIMURA/image_data/Kono Sorano Shita (2020 Version)_04.png,TANIMURA
/home/j/MusicAputitude/music/TANIMURA/image_data/ジュピター_05.png,TANIMURA
/home/j/MusicAputitude/music/TANIMURA/image_data/Mayonakan No Carnival (2018 Version)_03.png,TANIMURA
/home/j/MusicAputitude/music/TANIMURA/image_data/青い薔薇_04.png,TANIMURA
/home/j/MusicAputitude/music/TANIMURA/image_data/夕凪_04.png,TANIMURA
/home/j/MusicAputitude/music/TANIMURA/image_data/This Is My Trial [Watashi No Shiren] (Live At National Theatre of Japan 2022)_05.png,TANIMURA
/home/j/MusicAputitude/music/TANIMURA/image_data/Lion Heart (Live At National Theatre of Japan 2022)_04.png,TANIMURA
/home/j/MusicAputitude/music/TANIMURA/image_data/家路 -私が死んだ日-_05.png,TANIMURA
/home/j/MusicAputitude/music/TANIMURA/image_data/さようならば_03.png,TANIMURA
/home/j/MusicAputitude/music/TANIMURA/image_data/君の歌_05.png,TANIMURA
/home/j/MusicAputitude/music/TANIMURA/image_data/マリカの調べ_04.png,TANIMURA
/home/j/MusicAputitude/music/TANIMURA/image_data/Akane (Live At National Theatre of Japan 2022)_04.png,TANIMURA
/home/j/MusicAputitude/music/TANIMURA/image_data/パンセ_05.png,TANIMURA
/home/j/MusicAputitude/music/TANIMURA/image_data/獅子の時代_05.png,TANIMURA
/home/j/MusicAputitude/music/TANIMURA/image_data/オリエンタル・カフェ_04.png,TANIMURA
/home/j/MusicAputitude/music/TANIMURA/image_data/浪漫鉄道 ᐸ蹉跌篇ᐳ_04.png,TANIMURA
/home/j/MusicAputitude/music/TANIMURA/image_data/ジャスミン_06.png,TANIMURA
/home/j/MusicAputitude/music/TANIMURA/image_data/ROAD TO HEAVEN_04.png,TANIMURA
/home/j/MusicAputitude/music/TANIMURA/image_data/Shounenno Haka (2020 Version)_04.png,TANIMURA
/home/j/MusicAputitude/music/TANIMURA/image_data/マイ・ボーイ_05.png,TANIMURA
/home/j/MusicAputitude/music/TANIMURA/image_data/昴-すばる-_04.png,TANIMURA
/home/j/MusicAputitude/music/TANIMURA/image_data/シンガポール・スリング_04.png,TANIMURA
/home/j/MusicAputitude/music/TANIMURA/image_data/夢人～ユメジン～_04.png,TANIMURA
/home/j/MusicAputitude/music/TANIMURA/image_data/乾杯_04.png,TANIMURA
/home/j/MusicAputitude/music/TANIMURA/image_data/SA YO NA RA_05.png,TANIMURA
/home/j/MusicAputitude/music/TANIMURA/image_data/なつめの木_05.png,TANIMURA
/home/j/MusicAputitude/music/TANIMURA/image_data/黄昏 -ロンドン・デリー・エアー-_04.png,TANIMURA
/home/j/MusicAputitude/music/TANIMURA/image_data/G･クレフ_04.png,TANIMURA
/home/j/MusicAputitude/music/TANIMURA/image_data/それぞれの秋_05.png,TANIMURA
/home/j/MusicAputitude/music/TANIMURA/image_data/Hiwa Mata Noboru (2017 Version)_04.png,TANIMURA
/home/j/MusicAputitude/music/TANIMURA/image_data/BORN FREE_04.png,TANIMURA
/home/j/MusicAputitude/music/TANIMURA/image_data/アイビー・ロード_03.png,TANIMURA
/home/j/MusicAputitude/music/TANIMURA/image_data/LION HEART_04.png,TANIMURA
/home/j/MusicAputitude/music/TANIMURA/image_data/100年ラブソング_05.png,TANIMURA
/home/j/MusicAputitude/music/TANIMURA/image_data/サライ_07.png,TANIMURA
/home/j/MusicAputitude/music/TANIMURA/image_data/咲きほこる花のように_04.png,TANIMURA
/home/j/MusicAputitude/music/TANIMURA/image_data/弓の月_04.png,TANIMURA
/home/j/MusicAputitude/music/TANIMURA/image_data/残照_04.png,TANIMURA
/home/j/MusicAputitude/music/TANIMURA/image_data/約束 -思い出のフォトグラフ-_04.png,TANIMURA
/home/j/MusicAputitude/music/TANIMURA/image_data/君のそばにいる_03.png,TANIMURA
/home/j/MusicAputitude/music/TANIMURA/image_data/トマト_06.png,TANIMURA
/home/j/MusicAputitude/music/TANIMURA/image_data/GOLDEN DAYS_04.png,TANIMURA
/home/j/MusicAputitude/music/TANIMURA/image_data/Yumeno Sonosaki (Live At National Theatre of Japan 2022)_03.png,TANIMURA
/home/j/MusicAputitude/music/TANIMURA/image_data/Gunjo (2020 Version)_07.png,TANIMURA
/home/j/MusicAputitude/music/TANIMURA/image_data/極東セレナーデ_04.png,TANIMURA
/home/j/MusicAputitude/music/TANIMURA/image_data/RADIO DAYS_04.png,TANIMURA
/home/j/MusicAputitude/music/TANIMURA/image_data/父への遺言_05.png,TANIMURA
/home/j/MusicAputitude/music/TANIMURA/image_data/インディゴ・ブルー_03.png,TANIMURA
/home/j/MusicAputitude/music/TANIMURA/image_data/Kokorokaden_04.png,TANIMURA
/home/j/MusicAputitude/music/TANIMURA/image_data/バサラ_04.png,TANIMURA
/home/j/MusicAputitude/music/TANIMURA/image_data/リメンバー_04.png,TANIMURA
/home/j/MusicAputitude/music/TANIMURA/image_data/Kokoro Tsutae (Live At National Theatre of Japan 2022)_04.png,TANIMURA
/home/j/MusicAputitude/music/TANIMURA/image_data/昴 (マカリイver.)_05.png,TANIMURA
/home/j/MusicAputitude/music/MRCHILDREN/image_data/Mr.Children 「I'LL BE」 MUSIC VIDEO_05.png,MRCHILDREN
/home/j/MusicAputitude/music/MRCHILDREN/image_data/Mr.Children「hypnosis」MUSIC VIDEO_06.png,MRCHILDREN
/home/j/MusicAputitude/music/MRCHILDREN/image_data/Mr.Children 「ヒカリノアトリエ」 MUSIC VIDEO_04.png,MRCHILDREN
/home/j/MusicAputitude/music/MRCHILDREN/image_data/Mr.Children 「優しい歌」 MUSIC VIDEO_03.png,MRCHILDREN
/home/j/MusicAputitude/music/MRCHILDREN/image_data/Mr.Children「ヒカリノアトリエ 」MUSIC VIDEO (Short ver.)_02.png,MRCHILDREN
/home/j/MusicAputitude/music/MRCHILDREN/image_data/Mr.Children「祈り ～涙の軌道」Music Video(Short ver.)_01.png,MRCHILDREN
/home/j/MusicAputitude/music/MRCHILDREN/image_data/Mr.Children 「旅立ちの唄」 MUSIC VIDEO_06.png,MRCHILDREN
/home/j/MusicAputitude/music/MRCHILDREN/image_data/Mr.Children「himawari (Live ver.)」 MUSIC VIDEO (Short ver.)_01.png,MRCHILDREN
/home/j/MusicAputitude/music/MRCHILDREN/image_data/Mr.Children 「and I love you」 MUSIC VIDEO_05.png,MRCHILDREN
/home/j/MusicAputitude/music/MRCHILDREN/image_data/Mr.Children 「口笛」 MUSIC VIDEO_06.png,MRCHILDREN
/home/j/MusicAputitude/music/MRCHILDREN/image_data/Mr.Children 「【es】～ Theme of es ～」 MUSIC VIDEO_06.png,MRCHILDREN
/home/j/MusicAputitude/music/MRCHILDREN/image_data/Mr.Children 「Replay」 MUSIC VIDEO_05.png,MRCHILDREN
/home/j/MusicAputitude/music/MRCHILDREN/image_data/Mr.Children 「君が好き」 MUSIC VIDEO_05.png,MRCHILDREN
/home/j/MusicAputitude/music/MRCHILDREN/image_data/Mr.Children 「Tomorrow never knows」 MUSIC VIDEO_05.png,MRCHILDREN
/home/j/MusicAputitude/music/MRCHILDREN/image_data/Mr.Children 「Any」 MUSIC VIDEO_05.png,MRCHILDREN
/home/j/MusicAputitude/music/MRCHILDREN/image_data/Mr.Children 「ひびき」 MUSIC VIDEO_04.png,MRCHILDREN
/home/j/MusicAputitude/music/MRCHILDREN/image_data/Mr.Children「しるし」Music Video(Short ver.)_02.png,MRCHILDREN
/home/j/MusicAputitude/music/MRCHILDREN/image_data/Mr.Children 「くるみ」 MUSIC VIDEO_05.png,MRCHILDREN
/home/j/MusicAputitude/music/MRCHILDREN/image_data/Mr.Children 「終わりなき旅」 MUSIC VIDEO_07.png,MRCHILDREN
/home/j/MusicAputitude/music/MRCHILDREN/image_data/Mr.Children 「しるし」 MUSIC VIDEO_07.png,MRCHILDREN
/home/j/MusicAputitude/music/MRCHILDREN/image_data/Mr.Children 「Worlds end」 MUSIC VIDEO_06.png,MRCHILDREN
/home/j/MusicAputitude/music/MRCHILDREN/image_data/Mr.Children「hypnosis」Music Video(Short ver.)_02.png,MRCHILDREN
/home/j/MusicAputitude/music/MRCHILDREN/image_data/Mr.Children 「HANABI」 MUSIC VIDEO_05.png,MRCHILDREN
/home/j/MusicAputitude/music/MRCHILDREN/image_data/Mr.Children 「ニシエヒガシエ」 MUSIC VIDEO_05.png,MRCHILDREN
/home/j/MusicAputitude/music/MRCHILDREN/image_data/Mr.Children 「花の匂い」 MUSIC VIDEO_05.png,MRCHILDREN
/home/j/MusicAputitude/music/MRCHILDREN/image_data/Mr.Children「REM」Music Video(Short ver.)_01.png,MRCHILDREN
/home/j/MusicAputitude/music/MRCHILDREN/image_data/Mr.Children 「箒星」 MUSIC VIDEO_06.png,MRCHILDREN
/home/j/MusicAputitude/music/MRCHILDREN/image_data/Mr.Children 「HERO」 Music Video_06.png,MRCHILDREN
/home/j/MusicAputitude/music/MRCHILDREN/image_data/Mr.Children 「フェイク」 MUSIC VIDEO_04.png,MRCHILDREN
/home/j/MusicAputitude/music/MRCHILDREN/image_data/Mr.Children 「掌」 MUSIC VIDEO_05.png,MRCHILDREN
/home/j/MusicAputitude/music/MRCHILDREN/image_data/Mr.Children「常套句」Music Video(Short ver.)_01.png,MRCHILDREN
/home/j/MusicAputitude/music/MRCHILDREN/image_data/Mr.Children 「youthful days」 MUSIC VIDEO_05.png,MRCHILDREN
/home/j/MusicAputitude/music/MRCHILDREN/image_data/Mr.Children「and I love you」Music Video(Short ver.)_02.png,MRCHILDREN
/home/j/MusicAputitude/music/MRCHILDREN/image_data/Mr.Children 「Marshmallow day」 MUSIC VIDEO_04.png,MRCHILDREN
/home/j/MusicAputitude/music/MRCHILDREN/image_data/Mr.Children「君が好き」Music Video(Short ver.)_01.png,MRCHILDREN
/home/j/MusicAputitude/music/MRCHILDREN/image_data/Mr.Children「Any」Music Video(Short ver.)_02.png,MRCHILDREN
/home/j/MusicAputitude/music/MRCHILDREN/image_data/Mr.Children 「シーソーゲーム 〜勇敢な恋の歌〜」 MUSIC VIDEO_04.png,MRCHILDREN
/home/j/MusicAputitude/music/MRCHILDREN/image_data/Mr.Children「足音 ～Be Strong」Music Video(Short ver.)_01.png,MRCHILDREN
/home/j/MusicAputitude/music/MRCHILDREN/image_data/Mr.Children 「光の射す方へ」 MUSIC VIDEO_07.png,MRCHILDREN
/home/j/MusicAputitude/music/MRCHILDREN/image_data/Mr.Children 「常套句」 MUSIC VIDEO_04.png,MRCHILDREN
/home/j/MusicAputitude/music/MRCHILDREN/image_data/Mr.Children 「花 -Mémento-Mori-」 MUSIC VIDEO_04.png,MRCHILDREN
/home/j/MusicAputitude/music/MRCHILDREN/image_data/Mr.Children「himawari」Music Video_06.png,MRCHILDREN
/home/j/MusicAputitude/music/MRCHILDREN/image_data/Mr.Children 「抱きしめたい」 MUSIC VIDEO_06.png,MRCHILDREN
/home/j/MusicAputitude/music/MRCHILDREN/image_data/Mr.Children「Your Song」MV_05.png,MRCHILDREN
/home/j/MusicAputitude/music/MRCHILDREN/image_data/Mr.Children 「Sign」 MUSIC VIDEO_05.png,MRCHILDREN
/home/j/MusicAputitude/music/MRCHILDREN/image_data/Mr.Children「GIFT」Music Video(Short ver.)_02.png,MRCHILDREN
/home/j/MusicAputitude/music/MRCHILDREN/image_data/Mr.Children 「here comes my love」Music Short Film_10.png,MRCHILDREN
/home/j/MusicAputitude/music/MRCHILDREN/image_data/Mr.Children 「祈り ～涙の軌道」 MUSIC VIDEO_05.png,MRCHILDREN
/home/j/MusicAputitude/music/MRCHILDREN/image_data/Mr.Children 「エソラ」 MUSIC VIDEO_05.png,MRCHILDREN
/home/j/MusicAputitude/music/MRCHILDREN/image_data/Mr.Children「Your Song（Original Story）」MV_07.png,MRCHILDREN
/home/j/MusicAputitude/music/MRCHILDREN/image_data/Mr.Children 「innocent world」 MUSIC VIDEO_05.png,MRCHILDREN
/home/j/MusicAputitude/music/MRCHILDREN/image_data/Mr.Children 「Everything（it's you）」 MUSIC VIDEO_05.png,MRCHILDREN
/home/j/MusicAputitude/music/MRCHILDREN/image_data/Mr.Children 「未来」 MUSIC VIDEO_05.png,MRCHILDREN
/home/j/MusicAputitude/music/MRCHILDREN/image_data/Mr.Children 「CROSS ROAD」 MUSIC VIDEO_04.png,MRCHILDREN
/home/j/MusicAputitude/music/MRCHILDREN/image_data/Mr.Children「SINGLES」MV（Short ver.）_02.png,MRCHILDREN
/home/j/MusicAputitude/music/MRCHILDREN/image_data/Mr.Children 「彩り」 MUSIC VIDEO_05.png,MRCHILDREN
/home/j/MusicAputitude/music/MRCHILDREN/image_data/Mr.Children「Your Song」MV（Short ver.）_02.png,MRCHILDREN
/home/j/MusicAputitude/music/MRCHILDREN/image_data/Mr.Children 「SINGLES」 MUSIC VIDEO_05.png,MRCHILDREN
/home/j/MusicAputitude/music/MRCHILDREN/image_data/Mr.Children 「GIFT」 MUSIC VIDEO_05.png,MRCHILDREN
/home/j/MusicAputitude/music/MRCHILDREN/image_data/Mr.Children 「REM」 MUSIC VIDEO_04.png,MRCHILDREN
/home/j/MusicAputitude/music/MRCHILDREN/image_data/Mr.Children 「君がいた夏」 MUSIC VIDEO_06.png,MRCHILDREN
/home/j/MusicAputitude/music/MRCHILDREN/image_data/Mr.Children「花の匂い」Music Video(Short ver.)_01.png,MRCHILDREN
/home/j/MusicAputitude/music/MRCHILDREN/image_data/Mr.Children「掌」Music Video(Short ver.)_01.png,MRCHILDREN
/home/j/MusicAputitude/music/MRCHILDREN/image_data/Mr.Children 「NOT FOUND」 MUSIC VIDEO_05.png,MRCHILDREN
/home/j/MusicAputitude/music/MRCHILDREN/image_data/Mr.Children 「足音 〜Be Strong」 MUSIC VIDEO_05.png,MRCHILDREN
